fishcard_12S_all_miu_LA11_1_1,fishcard_12S_all_miu_LA11_1_2,fishcard_12S_all_miu_LA11_1_3,fishcard_12S_all_miu_LA11_2_1,fishcard_12S_all_miu_LA11_2_2,fishcard_12S_all_miu_LA11_2_3,fishcard_12S_all_miu_LA11_3_1,fishcard_12S_all_miu_LA11_3_2,fishcard_12S_all_miu_LA11_3_3,fishcard_12S_all_miu_LA11_4_1,fishcard_12S_all_miu_LA11_4_2,fishcard_12S_all_miu_LA11_4_3,fishcard_12S_all_miu_LA14_1_1,fishcard_12S_all_miu_LA14_1_2,fishcard_12S_all_miu_LA14_1_3,fishcard_12S_all_miu_LA14_2_1,fishcard_12S_all_miu_LA14_2_2,fishcard_12S_all_miu_LA14_2_3,fishcard_12S_all_miu_LA14_3_1,fishcard_12S_all_miu_LA14_3_2,fishcard_12S_all_miu_LA14_3_3,fishcard_12S_all_miu_LA14_4_1,fishcard_12S_all_miu_LA14_4_2,fishcard_12S_all_miu_LA14_4_3,fishcard_12S_all_miu_LA3_1_1,fishcard_12S_all_miu_LA3_1_2,fishcard_12S_all_miu_LA3_1_3,fishcard_12S_all_miu_LA3_2_1,fishcard_12S_all_miu_LA3_2_2,fishcard_12S_all_miu_LA3_2_3,fishcard_12S_all_miu_LA3_3_1,fishcard_12S_all_miu_LA3_3_2,fishcard_12S_all_miu_LA3_3_3,fishcard_12S_all_miu_LA3_4_1,fishcard_12S_all_miu_LA3_4_2,fishcard_12S_all_miu_LA3_4_3,fishcard_12S_all_miu_LA6_1_1,fishcard_12S_all_miu_LA6_1_2,fishcard_12S_all_miu_LA6_1_3,fishcard_12S_all_miu_LA6_2_1,fishcard_12S_all_miu_LA6_2_2,fishcard_12S_all_miu_LA6_2_3,fishcard_12S_all_miu_LA6_3_1,fishcard_12S_all_miu_LA6_3_2,fishcard_12S_all_miu_LA6_3_3,fishcard_12S_all_miu_LA6_4_1,fishcard_12S_all_miu_LA6_4_2,fishcard_12S_all_miu_LA6_4_3,fishcard_12S_all_miu_LB1_0_1,fishcard_12S_all_miu_LB1_0_2,fishcard_12S_all_miu_LB1_0_3,fishcard_12S_all_miu_LB1_1_1,fishcard_12S_all_miu_LB1_1_2,fishcard_12S_all_miu_LB1_1_3,fishcard_12S_all_miu_LB1_2_1,fishcard_12S_all_miu_LB1_2_2,fishcard_12S_all_miu_LB1_2_3,fishcard_12S_all_miu_LB1_3_1,fishcard_12S_all_miu_LB1_3_2,fishcard_12S_all_miu_LB1_3_3,fishcard_12S_all_miu_LB1_4_1,fishcard_12S_all_miu_LB1_4_2,fishcard_12S_all_miu_LB1_4_3,fishcard_12S_all_miu_LB14_1_1,fishcard_12S_all_miu_LB14_1_2,fishcard_12S_all_miu_LB14_1_3,fishcard_12S_all_miu_LB14_2_1,fishcard_12S_all_miu_LB14_2_2,fishcard_12S_all_miu_LB14_2_3,fishcard_12S_all_miu_LB14_3_1,fishcard_12S_all_miu_LB14_3_2,fishcard_12S_all_miu_LB14_3_3,fishcard_12S_all_miu_LB14_4_1,fishcard_12S_all_miu_LB14_4_2,fishcard_12S_all_miu_LB14_4_3,fishcard_12S_all_miu_LB2_1_1,fishcard_12S_all_miu_LB2_1_2,fishcard_12S_all_miu_LB2_1_3,fishcard_12S_all_miu_LB2_2_1,fishcard_12S_all_miu_LB2_2_2,fishcard_12S_all_miu_LB2_2_3,fishcard_12S_all_miu_LB2_3_1,fishcard_12S_all_miu_LB2_3_2,fishcard_12S_all_miu_LB2_3_3,fishcard_12S_all_miu_LB2_4_1,fishcard_12S_all_miu_LB2_4_2,fishcard_12S_all_miu_LB2_4_3,sum.taxonomy
13820,31413,8437,8370,15259,36445,23273,17585,10284,31185,27317,11553,11874,4785,4996,4760,13785,12253,27001,30505,40873,13792,14181,40890,24789,52433,23084,33596,21706,30728,35034,28233,20178,13012,5496,10329,48274,106002,32344,82884,82687,78349,93625,29950,28537,37229,37101,35741,10431,11423,3999,17134,23820,47,43732,21606,19102,34524,38752,41382,10945,39654,22024,110195,89589,69830,123567,110062,85508,117147,126370,79959,108760,116053,155779,8691,6526,9362,7047,10957,6250,17156,10222,19928,15855,8366,7770,Eukaryota;Chordata;Actinopteri;Clupeiformes;Engraulidae;Engraulis;Engraulis mordax
0,0,0,0,0,0,0,0,58,0,0,0,10,19,78,24,20,73,3055,47,490,556,592,183,0,0,0,0,0,0,0,0,0,0,0,0,0,0,0,3,0,0,0,0,0,0,0,11,0,0,0,0,0,0,0,0,0,0,0,0,0,0,0,0,0,12,0,0,0,0,0,0,0,0,0,0,0,0,0,0,0,0,0,0,0,0,0,Eukaryota;Chordata;Actinopteri;Gobiiformes;Gobiidae;Tridentiger;Tridentiger trigonocephalus
0,0,0,0,0,0,0,0,0,0,0,0,0,0,0,0,0,0,0,0,0,0,0,0,0,0,0,0,0,0,0,0,0,0,0,0,0,0,0,0,0,0,0,0,0,0,0,0,0,0,0,0,0,0,0,0,0,0,0,0,0,0,0,0,0,0,0,0,0,0,0,0,0,0,0,0,0,0,0,0,0,0,0,0,2,0,0,Eukaryota;Chordata;Actinopteri;Batrachoidiformes;Batrachoididae;Porichthys;Porichthys myriaster
0,0,138,0,0,0,99,0,207,0,0,121,33,0,0,0,1325,0,0,0,0,0,0,0,167,11,70,64,0,129,90,440,59,0,291,0,0,0,0,0,0,2681,0,0,0,0,0,0,0,0,0,0,0,0,0,248,0,0,0,0,0,0,0,0,0,0,0,0,0,0,172,0,0,0,5,0,0,0,0,59,0,0,0,0,31,111,0,Eukaryota;Chordata;Actinopteri;Blenniiformes;Clinidae;Heterostichus;Heterostichus rostratus
0,48,57,15,0,67,0,8,7,73,138,0,0,0,13,0,0,0,0,22,3054,0,34,0,0,6,0,102,325,242,0,10,70,0,0,0,0,1417,0,24,136,98,0,0,76,22,46,63,455,89,0,0,0,0,306,225,104,50,734,0,0,16,1073,0,0,0,0,0,95,0,0,56,0,0,1014,0,0,0,0,0,0,0,33,0,32,64,0,Eukaryota;Chordata;Actinopteri;Scombriformes;Stromateidae;Peprilus;Peprilus simillimus
0,64,0,0,0,0,0,0,0,2038,0,0,0,0,0,0,0,0,0,0,0,0,0,0,0,0,0,0,0,0,0,0,0,0,0,0,0,0,0,0,0,0,0,0,0,0,0,0,0,0,0,0,0,0,0,0,0,0,0,0,0,0,0,0,0,0,0,0,0,0,0,0,0,0,0,0,0,0,0,0,0,0,0,0,19,0,0,Eukaryota;Chordata;Actinopteri;Perciformes;Cottidae;Ruscarius;Ruscarius creaseri
0,0,0,0,0,0,39,0,0,76,0,367,0,0,0,0,0,0,0,0,0,0,0,0,2144,108,0,18,0,648,0,0,4558,163,0,2303,0,0,167,0,0,0,0,0,0,59,0,0,0,433,0,0,0,0,0,0,0,149,0,0,0,0,0,0,0,0,0,56,0,0,0,0,0,0,0,0,0,26,0,0,0,0,1036,0,0,0,0,Eukaryota;Chordata;Actinopteri;Centrarchiformes;Kyphosidae;Medialuna;Medialuna californiensis
0,0,0,0,0,0,26,0,0,2,1293,84,0,0,0,0,0,0,0,0,0,0,2,0,0,0,8,8,40,163,112,1775,847,487,229,24,0,0,270,0,137,83,0,10,0,0,41,6,0,0,0,0,0,0,0,0,28,0,0,0,0,0,0,10,65,0,9,0,0,23,0,5,0,0,0,66,8,0,46,39,24,0,39,0,0,31,52,Eukaryota;Chordata;Actinopteri;Blenniiformes;Clinidae;Gibbonsia;
0,0,0,0,0,0,0,0,0,0,0,0,0,0,0,0,0,0,0,0,0,0,0,0,0,0,0,0,0,0,0,0,0,0,0,0,0,0,0,0,0,0,0,0,0,0,0,0,0,0,0,0,0,0,0,0,0,0,0,0,0,0,0,0,0,0,0,0,0,0,0,0,0,0,0,0,0,0,0,0,0,0,0,0,0,0,0,Eukaryota;Chordata;Chondrichthyes;Lamniformes;Alopiidae;Isurus;Isurus oxyrinchus
0,0,0,0,0,0,0,0,0,0,0,0,0,0,0,0,0,0,0,0,0,0,0,0,0,0,131,0,0,0,0,0,0,0,0,0,0,0,0,0,0,0,0,0,0,0,0,0,0,0,0,0,0,0,0,0,0,0,1226,0,0,0,0,0,0,0,0,0,0,0,0,0,0,0,0,0,0,0,0,0,0,0,0,0,0,0,0,Eukaryota;Chordata;Actinopteri;Syngnathiformes;Syngnathidae;Cosmocampus;Cosmocampus arctus
344,796,1535,3513,1794,4214,5543,1874,1188,3245,6535,2455,34,413,79,977,1154,237,82,76,1105,1320,169,171,10144,3826,1330,4802,2399,9429,8101,6713,3312,12309,34227,14609,1023,269,73,431,3326,812,158,242,38,189,278,853,989,1880,472,0,27,0,0,0,0,639,0,641,0,0,558,1862,3407,717,2611,1378,1069,850,4367,4384,4862,2981,1503,2855,2292,373,2769,501,121,1675,194,3740,1614,1365,180,Eukaryota;Chordata;Actinopteri;Scombriformes;Scombridae;Scomber;Scomber japonicus
0,0,0,0,0,0,0,0,0,0,0,0,0,0,0,0,0,0,0,0,0,0,0,0,0,0,0,0,0,0,0,0,0,0,0,0,0,0,0,0,0,0,0,0,0,0,0,0,0,0,0,0,0,0,0,0,0,0,0,0,0,0,0,0,0,0,0,0,0,0,0,0,0,0,0,0,0,0,0,0,0,0,0,0,0,0,0,Eukaryota;Chordata;Mammalia;Artiodactyla;Delphinidae;;
0,0,27,0,0,0,0,0,0,0,0,0,0,0,0,0,0,0,0,0,0,0,0,0,0,0,0,0,0,0,0,0,0,0,0,0,0,0,0,0,0,0,0,0,0,0,0,71,0,0,0,0,0,0,0,0,0,0,0,0,0,0,0,0,0,0,0,0,0,0,0,0,0,0,0,0,0,0,0,0,0,0,0,0,0,0,0,Eukaryota;Chordata;Actinopteri;Pleuronectiformes;Paralichthyidae;Citharichthys;
0,0,0,0,0,0,0,0,0,0,0,0,0,0,0,0,0,0,0,0,0,0,0,0,0,0,0,0,0,0,0,0,0,0,0,0,0,0,0,0,0,0,0,0,0,0,0,0,0,0,0,0,0,0,0,0,0,0,0,0,0,0,0,0,0,0,0,0,0,0,0,0,0,0,0,0,0,0,0,0,0,0,0,0,0,0,0,Eukaryota;Chordata;Aves;Pelecaniformes;Pelecanidae;Pelecanus;Pelecanus occidentalis
0,0,0,0,0,0,0,0,0,0,0,0,0,0,0,0,0,0,0,0,0,0,0,0,0,0,0,0,0,0,0,0,0,0,0,0,0,0,0,0,0,0,0,0,0,0,0,0,0,0,0,0,0,0,0,0,0,0,0,0,0,0,0,0,0,0,0,0,0,0,0,0,0,0,0,0,0,0,0,0,0,0,0,0,0,0,0,Eukaryota;Chordata;Actinopteri;Salmoniformes;Salmonidae;Oncorhynchus;
0,0,0,0,0,0,0,0,0,0,0,0,0,0,0,0,0,0,0,0,0,0,0,0,0,0,0,0,0,0,0,0,0,0,0,0,0,0,0,0,0,0,0,0,0,0,0,0,0,0,0,0,0,0,0,0,0,0,0,0,0,0,0,0,0,0,0,0,0,0,0,0,0,0,0,0,0,0,0,0,0,0,0,0,0,0,0,Eukaryota;Chordata;Aves;Anseriformes;Anatidae;Anas;Anas platyrhynchos
0,0,0,0,0,0,0,0,0,0,0,0,0,0,0,0,0,0,0,0,0,0,0,0,0,0,0,0,0,0,0,0,0,0,0,0,0,0,0,0,0,0,0,0,0,0,0,0,0,0,0,0,0,0,0,0,0,0,0,0,0,0,0,0,0,0,0,0,0,0,0,23,14,1248,0,0,0,0,0,0,0,0,0,0,0,0,0,Eukaryota;Chordata;Actinopteri;Ophidiiformes;Ophidiidae;Ophidion;Ophidion scrippsae
0,0,0,0,0,199,0,200,0,653,0,0,0,0,0,0,0,0,0,0,0,0,0,0,0,0,0,0,0,0,0,0,0,0,0,578,0,0,0,0,0,0,0,35,0,0,0,0,0,0,0,0,0,0,0,0,0,0,0,0,0,0,0,0,0,0,0,0,0,0,0,0,0,1673,0,0,0,0,0,0,0,0,0,0,0,0,0,Eukaryota;Chordata;Actinopteri;Pleuronectiformes;Paralichthyidae;Citharichthys;Citharichthys sordidus
0,0,0,0,0,0,0,0,0,0,0,0,0,0,0,0,0,0,0,0,0,0,0,0,0,10,0,0,0,0,0,0,0,0,0,0,0,0,0,0,0,0,0,0,0,0,0,0,0,0,0,0,0,0,0,0,0,0,0,0,0,0,0,0,0,0,0,0,0,0,0,0,0,0,0,0,0,0,0,0,0,0,0,0,0,0,0,Eukaryota;Chordata;Actinopteri;;Embiotocidae;;
0,0,0,0,0,0,0,0,0,0,0,0,0,0,0,0,0,0,0,40,0,0,0,0,171,0,0,53,0,0,0,0,0,0,0,0,0,0,0,0,0,0,0,0,0,0,0,0,0,0,0,0,0,0,0,0,0,0,0,0,0,0,0,0,0,0,0,0,0,0,0,0,0,0,0,0,0,0,0,0,0,0,0,0,0,0,66,Eukaryota;Chordata;Actinopteri;Syngnathiformes;Syngnathidae;Syngnathus;Syngnathus leptorhynchus
4337,8705,4612,1119,5290,3640,1811,4437,1729,6874,2497,473,32,1497,28,41,38,234,289,390,11615,77,552,614,12415,3718,6304,8081,8984,16938,4366,8414,16672,7552,15353,4131,1839,3675,1338,7356,359,2724,2054,1350,3466,13200,8156,16000,0,5,5592,2,0,0,0,0,53,0,25,0,4821,0,0,4717,116,21,1570,117,207,86,406,969,538,739,486,0,40,0,0,1488,0,4786,224,0,0,0,0,Eukaryota;Chordata;Actinopteri;Clupeiformes;Clupeidae;Sardinops;Sardinops sagax
0,0,0,0,0,0,0,0,0,0,0,0,0,0,0,0,0,0,0,0,0,0,0,0,0,0,0,0,0,0,0,0,0,0,0,0,0,0,0,0,0,0,0,0,0,0,0,0,0,0,0,0,0,0,0,0,0,0,0,0,0,0,0,0,0,0,0,0,0,0,0,0,0,0,0,0,0,0,0,0,0,0,0,0,0,0,0,Eukaryota;Chordata;Actinopteri;Blenniiformes;Labrisomidae;Alloclinus;Alloclinus holderi
0,0,0,0,0,0,0,0,0,0,0,0,0,0,0,0,0,0,0,0,0,0,0,0,0,0,0,0,0,0,0,0,0,0,0,0,0,0,0,0,0,0,0,0,0,0,0,0,0,0,0,0,0,0,0,0,0,0,0,0,0,0,0,0,0,0,0,0,0,0,0,0,0,0,0,0,0,0,0,0,0,0,0,0,0,0,0,Eukaryota;Chordata;Actinopteri;Batrachoidiformes;Batrachoididae;Porichthys;Porichthys notatus
0,0,0,0,0,0,0,0,0,0,0,0,0,0,0,0,0,0,0,0,0,0,0,0,0,0,0,0,0,0,0,0,0,0,0,0,0,0,0,51,0,0,0,0,0,0,0,0,0,0,0,0,0,0,0,0,0,0,0,0,0,0,0,0,0,0,0,0,0,0,0,0,0,0,0,0,0,0,0,0,0,0,0,0,0,0,0,Eukaryota;Chordata;Actinopteri;;Embiotocidae;Rhacochilus;Rhacochilus toxotes
0,0,0,0,0,0,0,0,0,0,0,0,0,0,0,0,0,0,0,0,0,0,0,0,0,0,0,0,0,0,0,0,0,0,0,0,0,0,0,0,0,0,0,0,0,0,0,0,0,0,0,0,0,0,0,0,0,0,0,0,0,0,0,0,0,0,0,0,0,0,0,0,0,0,0,0,0,0,0,0,0,0,0,0,0,0,0,Eukaryota;Chordata;Mammalia;Carnivora;Phocidae;Phoca;Phoca vitulina
0,0,0,0,0,0,0,0,0,0,0,0,0,0,0,0,0,0,0,0,0,0,0,0,0,0,0,0,0,0,0,0,0,0,0,0,0,0,0,0,0,0,0,0,0,0,0,0,0,0,0,0,0,0,0,0,0,0,0,0,0,0,0,0,0,0,0,0,0,0,0,0,0,0,0,0,0,0,0,0,0,0,0,0,0,0,0,Eukaryota;Chordata;Actinopteri;Pempheriformes;Polyprionidae;Stereolepis;Stereolepis gigas
0,0,0,0,0,0,0,0,0,0,0,0,0,0,0,0,0,0,0,0,0,0,0,0,0,0,0,0,0,0,0,0,0,0,0,0,0,0,0,0,0,0,0,0,0,0,0,0,0,0,0,0,0,0,0,0,0,0,0,0,0,0,0,0,0,0,0,0,0,0,0,0,0,0,0,0,0,0,0,0,0,0,0,0,0,0,0,Eukaryota;Chordata;Chondrichthyes;Myliobatiformes;Dasyatidae;Pteroplatytrygon;Pteroplatytrygon violacea
0,0,0,0,0,0,2986,5,0,0,0,0,0,0,0,0,0,0,0,0,0,0,0,0,0,0,0,0,0,0,0,0,0,0,0,0,0,0,0,0,0,0,0,0,0,0,0,0,0,0,0,0,0,0,0,0,0,0,0,0,0,0,0,0,16,0,0,0,0,0,0,0,0,0,0,0,0,0,0,0,30,0,59,246,13,275,0,Eukaryota;Chordata;Actinopteri;Lutjaniformes;Haemulidae;Brachygenys;Brachygenys californiensis
0,0,0,0,0,0,0,0,0,0,0,0,0,0,0,0,0,0,0,0,0,0,0,0,0,0,0,0,0,0,0,0,0,0,0,0,0,0,0,0,0,0,0,0,0,0,0,0,0,0,0,0,0,0,0,0,0,0,0,0,0,0,0,0,0,0,0,0,0,0,0,0,0,0,0,0,0,0,0,0,0,0,0,0,0,0,0,Eukaryota;Chordata;Mammalia;Artiodactyla;Balaenopteridae;Megaptera;Megaptera novaeangliae
0,0,0,0,0,0,0,0,0,0,0,0,0,0,0,0,0,0,0,0,0,0,0,0,0,0,0,0,0,0,0,0,0,0,0,0,0,0,0,0,0,0,0,0,0,0,0,0,0,0,0,0,0,0,0,0,0,0,0,0,0,0,0,0,0,0,0,0,0,0,0,0,0,0,0,0,0,0,0,0,0,0,0,0,0,0,0,Eukaryota;Chordata;Aves;Charadriiformes;Laridae;Sterna;Sterna elegans
0,0,0,0,0,0,0,0,0,0,0,0,0,0,0,0,0,0,0,0,0,0,0,0,0,0,0,0,0,0,0,0,0,0,0,0,0,0,0,0,0,0,0,0,0,0,0,0,0,0,0,0,0,0,236,0,0,0,0,0,0,0,2339,0,0,0,0,0,0,0,0,0,0,0,0,0,0,0,0,0,0,0,0,0,0,0,0,Eukaryota;Chordata;Actinopteri;;Embiotocidae;Brachyistius;Brachyistius frenatus
0,112,0,297,0,0,281,2262,29,1043,0,678,85,216,40,135,137,168,0,193,31,12,201,4,1310,4915,78,1280,75,102,378,586,235,385,364,250,33,453,21,245,76,125,62,42,73,0,66,136,0,222,132,427,488,0,928,0,2131,0,0,404,0,0,0,1315,972,2711,89,970,241,62,91,122,377,4243,502,520,4005,2253,396,997,1309,2618,2558,2837,1788,5335,981,Eukaryota;Chordata;Actinopteri;Lutjaniformes;Haemulidae;Anisotremus;Anisotremus davidsonii
0,0,0,0,0,0,0,0,0,0,0,0,0,0,0,0,0,0,0,0,0,0,0,0,0,0,0,0,0,0,0,0,0,0,0,0,0,0,0,0,0,0,0,0,0,0,0,0,0,0,0,0,0,0,0,0,0,0,0,0,0,0,0,0,0,0,0,0,0,0,0,0,0,0,0,0,0,0,0,0,0,0,0,0,0,0,0,Eukaryota;Chordata;Chondrichthyes;Myliobatiformes;Dasyatidae;Hypanus;Hypanus dipterurus
0,0,0,0,0,0,0,0,0,0,0,0,0,0,0,0,0,0,0,0,0,0,0,0,0,0,0,0,0,0,0,0,0,0,0,0,0,0,0,0,0,0,0,0,0,0,0,0,0,0,0,0,0,0,0,0,0,0,0,0,0,0,0,0,0,0,0,0,0,0,0,0,0,0,0,0,0,0,0,0,0,0,0,0,0,0,0,Eukaryota;Chordata;Chondrichthyes;Carcharhiniformes;Carcharhinidae;Prionace;Prionace glauca
0,0,13,0,0,0,0,28,0,0,4514,0,0,0,0,0,0,0,0,0,0,0,0,0,0,0,0,0,0,0,0,0,0,0,0,0,0,0,0,0,0,0,0,167,0,0,0,263,0,0,0,0,0,0,0,0,0,0,0,0,0,0,0,14,0,0,0,0,0,0,0,839,0,0,0,0,0,0,0,0,0,0,0,0,0,0,0,Eukaryota;Chordata;Actinopteri;Perciformes;Cottidae;Icelinus;Icelinus quadriseriatus
0,0,0,0,0,0,0,0,0,0,0,0,0,0,0,0,0,0,0,0,0,0,0,0,0,0,0,0,0,0,0,0,0,0,0,0,0,0,0,0,0,0,0,0,0,0,0,0,0,0,0,0,0,0,0,0,0,0,0,0,0,0,0,0,0,0,0,0,0,0,0,0,0,0,2,0,0,0,0,0,0,0,0,0,0,0,0,Eukaryota;Chordata;Aves;Pelecaniformes;Phalacrocoracidae;Nannopterum;Nannopterum brasilianus
0,0,27,0,0,0,0,0,0,0,0,0,0,0,0,0,0,0,0,0,0,0,0,0,0,0,0,0,0,0,0,0,0,0,0,0,0,0,0,0,0,0,0,0,0,0,0,0,0,0,0,0,0,0,0,0,0,0,0,0,0,0,0,0,0,0,0,0,0,0,0,0,0,0,0,0,0,0,0,0,0,0,0,0,0,0,0,Eukaryota;Chordata;Actinopteri;Perciformes;Bathymasteridae;Rathbunella;Rathbunella hypoplecta
0,0,0,0,0,0,0,0,0,0,0,0,0,0,0,0,0,0,0,0,0,0,0,0,0,0,0,0,0,0,0,0,0,0,0,0,0,0,0,0,0,0,0,0,0,0,0,0,0,0,0,0,0,0,0,0,0,0,0,0,0,0,0,0,0,0,0,0,0,0,0,0,0,0,0,0,0,0,0,0,0,0,0,0,0,0,0,Eukaryota;Chordata;Chondrichthyes;Torpediniformes;Torpedinidae;Tetronarce;Tetronarce californica
0,0,0,0,0,0,0,0,0,0,0,0,0,0,0,0,0,0,0,0,0,0,0,0,0,0,0,0,0,0,0,0,0,0,0,0,0,0,0,0,0,0,0,0,0,0,0,0,0,0,0,0,0,0,0,0,0,0,0,0,0,0,0,0,0,0,0,0,0,0,0,0,0,0,0,0,0,0,0,0,0,0,0,0,0,0,0,Eukaryota;Chordata;Mammalia;Artiodactyla;Delphinidae;Stenella;
0,0,0,0,0,0,0,0,0,0,0,0,0,0,0,0,0,0,0,0,0,0,0,0,0,0,0,0,0,0,0,0,0,0,0,0,0,0,0,0,0,0,0,0,0,0,0,0,0,0,0,0,0,0,0,0,0,0,0,0,0,0,0,0,0,0,0,0,0,0,0,0,0,0,0,0,0,0,0,0,0,0,0,0,0,0,0,Eukaryota;Chordata;Aves;Passeriformes;Parulidae;Setophaga;Setophaga coronata
0,0,0,0,0,0,0,0,0,0,0,0,0,0,0,0,0,0,0,0,0,0,0,0,0,0,0,0,0,0,0,0,0,0,0,0,0,0,0,0,0,0,0,0,0,0,0,0,0,0,0,0,0,0,0,0,0,0,0,0,0,0,0,0,0,0,0,0,0,0,0,0,0,0,0,0,0,0,0,0,0,0,0,0,0,0,0,Eukaryota;Chordata;Actinopteri;Perciformes;Sebastidae;Sebastes;Sebastes paucispinis
6433,1703,517,305,976,1018,384,807,1476,8601,125,4069,114,63,59,16,46,0,684,804,145,405,277,7680,3557,868,2106,1048,3654,3126,256,3661,1507,177,1067,1585,214,850,343,195,235,567,690,104,3546,1096,1133,497,0,63,449,51,0,0,349,102,0,2482,5819,810,6766,670,0,4840,8773,4373,2438,10886,5291,3025,8760,4451,10455,27982,14534,220,277,211,30,84,29,1426,1047,291,171,718,51,Eukaryota;Chordata;Actinopteri;;Sciaenidae;Genyonemus;Genyonemus lineatus
0,0,0,0,0,0,0,0,0,0,0,0,0,0,0,0,0,0,0,0,0,0,0,0,0,0,0,0,0,0,0,0,0,2395,0,0,0,0,0,0,84,0,0,0,0,0,0,0,0,0,0,0,0,0,0,0,0,0,0,0,0,0,0,0,0,0,0,0,0,0,0,0,0,0,0,0,0,0,0,0,0,0,0,0,0,0,0,Eukaryota;Chordata;Actinopteri;Carangiformes;Carangidae;Decapterus;Decapterus muroadsi
0,0,0,0,0,0,0,0,0,0,0,0,0,0,0,0,0,0,0,0,0,0,0,0,0,0,0,0,0,0,0,0,0,0,0,0,0,0,0,0,0,0,0,0,0,0,0,0,0,0,0,0,0,0,0,0,0,0,0,0,0,0,0,0,0,0,0,0,0,0,0,0,0,0,0,0,0,0,0,0,0,0,0,0,0,0,0,Eukaryota;Chordata;Actinopteri;Anguilliformes;Ophichthidae;Myrophis;Myrophis vafer
0,0,0,0,0,0,0,0,0,0,0,0,0,0,0,0,0,0,0,0,0,0,0,0,0,0,0,0,0,0,0,3067,0,0,0,0,0,0,0,0,0,0,0,0,0,0,0,0,0,0,0,0,0,0,0,0,0,0,0,0,0,0,0,0,0,0,0,0,0,0,0,0,0,0,0,0,0,0,0,0,0,0,0,0,0,0,0,Eukaryota;Chordata;Actinopteri;;Embiotocidae;Micrometrus;Micrometrus minimus
0,0,0,0,0,0,0,0,0,0,0,0,0,0,0,0,0,0,0,0,0,0,0,0,0,0,0,0,0,0,0,0,0,0,0,0,0,0,0,0,0,0,0,0,0,27,72,0,0,0,0,0,0,0,0,0,0,0,0,0,0,0,0,0,0,0,0,0,0,0,0,0,0,0,0,0,0,0,0,0,0,0,0,0,0,0,0,Eukaryota;Chordata;Actinopteri;Perciformes;Sebastidae;Sebastes;Sebastes gilli
0,0,0,0,0,0,0,0,0,0,0,0,0,0,0,0,0,58,0,0,0,0,0,0,0,0,0,0,0,0,0,0,0,0,0,0,0,32,0,0,0,0,0,0,0,0,0,0,0,0,0,0,0,0,0,0,0,0,0,0,0,0,0,0,0,0,0,0,0,0,0,0,0,0,0,0,0,0,0,0,0,0,0,0,0,0,0,Eukaryota;Chordata;Actinopteri;Gobiiformes;Gobiidae;Gillichthys;Gillichthys mirabilis
0,0,0,0,0,0,0,0,0,0,0,0,0,0,0,0,0,0,0,0,0,0,0,0,0,0,0,0,0,0,0,0,0,0,0,0,0,0,0,0,0,0,0,0,0,0,0,0,0,0,0,0,0,0,0,0,0,0,0,0,0,0,0,0,0,0,0,0,0,0,0,0,0,0,0,0,0,0,0,0,0,0,0,0,0,0,0,Eukaryota;Chordata;Aves;Pelecaniformes;Ardeidae;Nycticorax;Nycticorax nycticorax
0,0,0,0,0,0,0,0,0,0,0,0,0,0,0,0,0,0,0,0,0,0,0,0,0,0,0,0,0,0,0,0,0,0,0,0,0,0,0,0,0,0,0,0,0,0,0,0,0,0,0,0,0,0,0,0,0,0,0,0,0,0,0,0,0,0,0,0,0,0,0,0,0,0,0,0,0,0,0,0,0,0,0,0,0,0,0,Eukaryota;Chordata;Actinopteri;Kurtiformes;Apogonidae;Apogon;Apogon pacificus
0,0,0,0,0,0,0,0,0,0,0,0,0,0,0,0,0,0,0,0,0,0,0,0,0,0,0,0,0,0,0,0,0,19,64,0,0,0,0,0,0,0,0,0,0,0,0,0,0,0,0,0,0,0,0,0,0,0,0,0,0,0,0,0,0,0,0,0,0,0,0,0,0,0,0,0,0,0,0,0,0,0,0,0,0,0,0,Eukaryota;Chordata;Actinopteri;Blenniiformes;Labrisomidae;Neoclinus;Neoclinus blanchardi
0,0,0,0,0,0,0,0,0,0,0,0,0,0,0,0,0,0,0,0,0,0,0,0,0,0,0,0,0,0,0,0,0,0,0,0,0,0,0,0,0,0,0,0,0,0,0,0,0,0,0,0,0,0,0,0,0,0,0,0,0,0,0,0,0,0,0,0,0,0,0,0,0,0,0,0,0,16,0,0,0,0,0,0,0,0,0,Eukaryota;Chordata;Actinopteri;Clupeiformes;Engraulidae;Anchoa;Anchoa delicatissima
0,0,0,0,0,0,0,0,0,0,0,0,0,0,0,0,0,0,0,0,0,0,0,0,0,0,0,0,0,0,0,0,0,0,0,0,0,0,0,0,0,0,0,0,0,0,0,0,0,0,0,0,0,0,0,0,0,0,0,0,0,0,0,0,0,0,0,0,0,0,0,0,0,0,0,0,0,0,0,0,0,0,0,0,0,0,0,Eukaryota;Chordata;Chondrichthyes;Carcharhiniformes;Triakidae;Galeorhinus;Galeorhinus galeus
0,0,13,14,0,15,0,0,0,4,0,0,0,0,0,0,0,0,0,0,11,0,0,0,0,17,13,0,7,23,7,16,17,0,0,4,17,3,0,0,0,0,0,7,0,0,5,2,5,0,0,0,0,0,0,0,0,0,0,7,0,0,0,0,12,0,8,0,0,0,0,0,0,0,0,0,0,0,0,0,0,0,0,0,0,0,0,Eukaryota;Chordata;Mammalia;Carnivora;Otariidae;Zalophus;Zalophus californianus
0,0,0,0,0,0,0,0,0,0,0,0,0,0,0,0,0,0,0,0,0,0,0,0,0,0,0,0,0,0,0,0,0,0,0,0,0,0,0,0,0,0,0,0,0,0,0,0,0,0,0,0,0,0,0,0,0,0,0,0,0,0,0,0,0,0,0,0,0,0,0,0,0,0,0,0,0,0,0,0,0,0,0,0,0,0,0,Eukaryota;Chordata;Aves;Columbiformes;Columbidae;Streptopelia;
0,0,0,0,0,0,0,0,0,0,0,0,0,0,0,0,0,0,0,0,0,0,0,0,0,0,0,0,0,0,0,0,0,0,0,0,0,0,0,0,0,0,0,0,0,0,0,0,0,0,0,0,0,0,0,0,0,0,0,0,0,0,0,0,0,0,0,0,0,0,0,0,0,0,0,0,0,0,0,0,0,0,0,0,0,0,0,Eukaryota;Chordata;Actinopteri;Atheriniformes;Atherinopsidae;;
0,0,0,0,4,0,0,0,0,48,0,0,0,0,0,0,0,0,0,0,0,0,0,0,0,0,0,0,0,0,0,0,0,0,0,0,0,0,0,0,0,0,0,0,0,0,0,0,0,0,0,0,0,0,0,0,0,0,0,0,0,0,0,0,0,0,0,0,0,0,0,0,0,0,0,0,0,0,0,0,0,0,0,0,0,0,0,Eukaryota;Chordata;Actinopteri;Gobiiformes;Gobiidae;Lythrypnus;Lythrypnus zebra
0,0,0,0,0,0,0,0,0,0,0,0,0,0,0,0,0,0,0,0,0,0,0,0,0,0,0,0,0,0,0,0,0,0,0,0,0,0,0,0,0,0,0,0,0,0,0,0,0,0,0,0,0,0,0,0,0,0,0,0,0,0,0,0,0,0,0,0,0,0,0,0,0,0,0,0,0,0,0,0,0,0,0,0,0,0,0,Eukaryota;Chordata;Actinopteri;Carangiformes;Carangidae;Uraspis;Uraspis helvola
0,0,0,0,0,0,0,0,0,0,0,0,0,0,0,0,0,0,0,0,0,0,0,0,0,0,0,0,0,0,39,0,0,0,0,0,0,0,0,0,0,0,0,0,0,0,0,0,0,0,0,0,0,0,0,0,0,0,0,0,0,0,0,0,0,0,0,0,0,0,0,0,0,0,0,0,0,0,0,0,0,0,0,0,0,0,0,Eukaryota;Chordata;Actinopteri;Salmoniformes;Salmonidae;Oncorhynchus;Oncorhynchus keta
0,0,38,195,1475,894,1554,55,453,721,0,242,1683,423,1439,50,462,778,2719,3331,534,5048,2681,855,3958,3417,569,2065,1134,799,398,1880,888,2893,1139,9711,658,942,236,217,0,220,1653,172,2900,425,223,1702,0,817,47,0,0,0,0,0,0,0,0,0,0,0,0,3398,1667,116,175,171,26,5708,750,176,178,1488,458,53,176,113,2521,0,283,923,80,364,1333,7,118,Eukaryota;Chordata;Actinopteri;;Embiotocidae;Embiotoca;Embiotoca jacksoni
0,0,0,0,0,39,0,0,0,0,0,0,0,0,0,0,0,0,0,0,0,0,0,0,0,0,0,0,0,0,0,0,0,0,0,0,0,0,0,0,0,0,0,0,0,0,0,0,0,0,0,0,0,0,0,0,0,0,0,0,0,0,0,0,0,0,0,0,0,0,0,0,0,0,0,0,0,0,0,0,0,0,0,0,0,0,0,Eukaryota;Chordata;Actinopteri;Ophidiiformes;Ophidiidae;Chilara;Chilara taylori
15,8,22,0,444,0,0,0,703,193,0,0,0,0,7,0,0,11,0,0,0,0,0,67,18,0,383,0,6,0,0,240,0,0,0,0,8,18,0,12,0,77,0,51,0,158,17,41,0,0,0,0,47,0,0,0,0,0,0,0,0,0,0,140,0,0,0,23,0,19,28,0,0,25,0,0,0,0,0,0,0,0,0,0,0,0,0,Eukaryota;Chordata;Actinopteri;Pleuronectiformes;Pleuronectidae;Pleuronichthys;Pleuronichthys ritteri
0,0,0,0,0,0,0,0,0,0,0,0,0,0,0,0,0,0,0,29,0,0,0,0,0,0,0,0,0,0,0,0,0,0,0,0,0,0,0,0,0,0,0,0,0,0,0,0,0,0,0,0,0,0,0,0,0,0,0,0,0,0,0,0,0,0,0,0,0,0,0,0,0,0,0,0,0,0,0,0,0,0,0,0,0,0,0,Eukaryota;Chordata;Actinopteri;;Embiotocidae;Phanerodon;Phanerodon furcatus
0,11,22,0,0,32,1244,0,49,36,0,0,52,0,11,14,10,564,199,286,584,1696,27,97,717,66,0,11,20496,159,32,148,498,44,173,222,32,192,0,1371,1206,54,526,6,29,111,608,227,4,0,0,30,0,0,0,35,0,0,0,0,0,0,35,1773,376,163,210,1864,27,221,905,262,173,66,3374,0,0,0,30,0,0,0,0,0,0,0,0,Eukaryota;Chordata;Actinopteri;;Sciaenidae;Cheilotrema;Cheilotrema saturnum
0,0,0,0,0,0,0,0,0,0,0,0,0,0,0,0,0,0,0,0,0,0,0,0,0,0,0,0,0,0,0,0,0,0,0,0,0,0,0,0,0,0,0,0,0,0,281,12,0,0,0,0,0,0,0,0,0,0,0,0,0,0,0,0,0,0,0,0,0,0,0,0,0,0,0,0,0,0,0,0,0,0,0,0,0,0,0,Eukaryota;Chordata;Actinopteri;Pleuronectiformes;Pleuronectidae;Hippoglossus;Hippoglossus stenolepis
0,0,0,0,0,0,0,0,0,0,0,0,0,0,0,0,0,0,0,0,0,0,0,0,0,0,0,0,0,0,0,0,0,0,0,0,0,0,0,0,0,0,0,0,0,0,0,0,0,0,0,0,0,0,0,0,0,0,0,0,0,0,0,0,0,0,0,0,0,0,0,0,116,0,0,0,0,0,0,0,0,0,0,0,0,0,0,Eukaryota;Chordata;Actinopteri;Beloniformes;Belonidae;Strongylura;Strongylura exilis
0,0,44,0,733,0,17,63,811,19,110,8,14583,4949,2926,1284,1850,2276,7458,4188,9549,8508,2607,3270,353,189,792,234,1328,3274,208,210,303,1325,585,25,2713,873,418,4187,1349,1257,612,635,70,976,1431,2077,0,142,0,0,0,0,0,0,0,0,0,0,0,0,0,1539,1642,765,470,689,257,1050,2034,703,0,0,63,513,82,8,1179,218,196,609,400,3085,1534,202,2745,Eukaryota;Chordata;Actinopteri;Gobiiformes;Gobiidae;;
0,0,0,0,0,0,0,0,0,0,0,0,0,0,0,0,0,0,0,0,97,0,0,0,0,188,61,7,0,0,0,0,0,0,0,507,0,0,0,0,0,0,0,0,0,0,0,28,0,0,0,0,0,0,0,0,0,0,0,0,0,0,0,0,0,0,0,0,0,0,0,0,0,0,0,0,0,0,0,0,0,0,0,0,0,0,0,Eukaryota;Chordata;Actinopteri;Salmoniformes;Salmonidae;Oncorhynchus;Oncorhynchus tshawytscha
0,0,0,0,0,0,0,0,0,0,0,0,0,0,0,0,0,0,0,0,0,0,0,0,0,0,0,0,0,0,0,0,0,0,0,0,0,0,0,0,0,0,0,0,0,0,0,0,0,0,0,0,0,0,0,0,0,0,0,0,0,0,0,0,0,95,0,0,0,0,0,0,0,0,0,0,0,0,0,0,0,0,0,0,0,0,0,Eukaryota;Chordata;Actinopteri;Beloniformes;Belonidae;Cololabis;Cololabis saira
0,0,0,0,0,0,0,0,0,0,0,0,0,0,0,0,0,0,0,0,0,0,0,0,0,0,0,65,0,0,0,0,0,0,0,0,0,0,0,0,0,0,0,0,0,0,0,0,0,0,0,0,0,0,0,0,0,0,0,0,0,0,0,0,0,0,0,0,0,0,0,0,0,0,0,0,0,0,0,0,0,0,0,0,0,0,0,Eukaryota;Chordata;Actinopteri;Beloniformes;Exocoetidae;Cheilopogon;Cheilopogon pinnatibarbatus
0,0,0,0,0,0,0,0,0,0,0,0,0,0,0,0,0,0,0,0,0,0,0,0,0,0,0,0,0,0,0,0,0,0,0,0,0,0,0,0,0,0,0,0,0,0,0,64,0,0,0,0,0,0,0,0,0,0,0,0,0,0,0,0,0,0,0,0,0,0,0,0,0,0,0,0,0,0,0,0,0,0,0,0,0,0,0,Eukaryota;Chordata;Actinopteri;Perciformes;Zaniolepididae;Zaniolepis;Zaniolepis latipinnis
41,0,0,0,0,0,0,0,0,0,0,0,0,0,0,0,0,0,0,0,0,0,0,0,0,0,0,0,0,0,0,0,0,0,0,0,0,0,0,0,0,0,0,0,0,0,0,0,0,0,0,0,0,0,0,0,0,0,0,0,0,0,0,0,0,0,0,0,0,0,0,0,0,0,0,0,0,0,0,0,0,0,0,0,0,0,0,Eukaryota;Chordata;Mammalia;Artiodactyla;Ziphiidae;Ziphius;Ziphius cavirostris
0,0,0,6,0,0,0,0,0,0,0,0,0,0,0,0,0,0,0,0,0,0,0,0,0,0,0,0,0,0,0,0,0,0,0,0,0,0,0,0,0,0,0,0,0,0,0,0,0,0,0,0,0,0,0,0,0,0,0,0,0,0,0,0,0,0,0,0,0,0,0,0,0,0,0,0,0,0,0,0,0,0,0,0,0,0,0,Eukaryota;Chordata;Actinopteri;Gobiiformes;Gobiidae;Rhinogobiops;Rhinogobiops nicholsii
0,0,0,0,1,0,0,0,0,0,0,0,0,0,0,0,0,0,0,0,0,0,0,0,0,0,0,0,0,0,0,0,0,0,0,0,0,0,0,0,0,0,0,0,0,0,0,0,0,0,0,0,0,0,0,0,0,0,0,0,0,0,0,0,0,0,0,0,0,0,0,0,0,0,0,0,0,0,0,0,0,0,0,0,0,0,0,Eukaryota;Chordata;Actinopteri;Istiophoriformes;;;
102,10474,42,329,1842,4196,1310,697,0,1590,963,0,0,41,0,0,0,0,0,0,0,132,0,0,3206,3751,3121,1209,298,3883,6625,3468,5352,10563,6603,1491,0,0,54,18,0,0,0,0,0,34,19,968,0,0,0,0,0,0,0,0,0,0,0,0,0,0,0,0,0,0,0,0,0,0,0,0,0,0,0,0,0,0,0,0,0,0,0,0,0,0,0,Eukaryota;Chordata;Actinopteri;Scombriformes;Scombridae;Sarda;Sarda chiliensis
4914,58,6,1225,786,156,1936,1554,24,459,612,913,3,0,19,929,0,617,95,57,1563,584,1670,78,28,1411,281,3803,47,52,0,0,99,3182,14423,84,277,202,27,54,186,101,124,0,4,374,833,2167,0,0,1344,0,172,0,232,0,0,0,0,0,913,30,0,0,30,74,243,0,0,0,130,0,15,79,0,0,0,0,239,0,26,0,53,1431,37,100,259,Eukaryota;Chordata;Actinopteri;Carangiformes;Carangidae;Trachurus;Trachurus symmetricus
0,0,0,0,0,0,0,0,0,0,0,0,0,0,0,0,0,0,0,0,0,0,0,0,0,0,0,0,0,0,0,0,0,0,0,0,0,0,0,0,0,33,0,0,0,0,0,0,0,0,0,0,0,0,0,0,0,0,0,0,0,0,0,0,0,0,0,0,0,0,11,0,0,0,0,0,0,0,0,0,0,0,0,0,0,0,0,Eukaryota;Chordata;Chondrichthyes;Heterodontiformes;Heterodontidae;Heterodontus;Heterodontus francisci
0,160,44,27,0,0,0,53,0,0,0,0,0,67,0,0,0,40,815,0,1839,0,0,0,267,0,161,393,1454,889,529,1297,745,788,9261,0,15,0,0,0,0,57,0,0,0,0,0,236,0,688,0,0,0,0,0,0,0,457,141,0,0,0,3650,130,75,324,0,0,123,0,64,0,347,234,1677,62,0,20,252,184,238,502,96,0,12,3563,1330,Eukaryota;Chordata;Actinopteri;;Sciaenidae;Menticirrhus;Menticirrhus undulatus
24,30,4640,59,1572,777,245,17,485,244,887,5435,0,0,27,0,0,0,0,0,2830,0,0,0,951,4145,1469,13786,2519,12844,38807,21054,17084,28769,34434,19822,0,608,0,0,254,28,0,0,0,23,40,0,0,10003,15,0,0,0,0,0,0,42,0,471,0,0,0,0,0,0,0,0,0,171,8,0,0,0,0,0,0,0,78,0,44,1063,371,0,0,0,0,Eukaryota;Chordata;Actinopteri;Atheriniformes;Atherinopsidae;Leuresthes;Leuresthes tenuis
10,4,0,162,0,0,0,0,0,8,11,0,0,0,0,0,0,0,0,0,33,0,0,0,56,9,68,83,0,32,227,488,1837,0,0,8,0,0,0,0,0,0,0,0,0,0,0,0,0,0,0,0,0,0,0,0,0,0,0,0,0,0,0,0,0,0,0,0,0,0,0,0,0,0,0,0,0,0,0,0,0,0,0,0,0,0,0,Eukaryota;Chordata;Actinopteri;;Malacanthidae;Caulolatilus;Caulolatilus princeps
60,15,20,44,38,24,20,465,0,0,0,291,11,0,0,0,0,5,0,203,21,0,0,0,0,0,14,0,2,0,0,0,0,0,0,30,0,0,0,0,0,0,23,8,49,3,6,16,0,12,0,0,0,0,0,0,64,0,0,0,0,0,0,5,276,5,0,34,21,22,26,4,21,75,832,0,86,21,0,0,0,0,0,0,0,0,0,Eukaryota;Chordata;Actinopteri;Pleuronectiformes;Cynoglossidae;Symphurus;Symphurus atricaudus
184,273,128,469,3186,1501,4019,7539,2445,3265,4837,550,0,0,13,0,0,0,0,0,2608,0,0,0,842,458,340,4509,1257,499,704,2048,4267,20607,11787,39956,69,1139,51,64,0,208,0,0,18,0,0,0,0,0,0,0,0,0,0,0,0,0,0,0,0,0,0,0,0,0,0,0,0,0,0,0,0,0,0,0,0,0,0,0,0,0,0,0,0,238,0,Eukaryota;Chordata;Actinopteri;Scombriformes;Scombridae;Thunnus;
0,290,2338,0,949,0,108,259,63,424,454,0,0,0,18,411,298,133,3630,250,6181,2151,1043,1947,443,6296,274,156,1064,547,135,1061,965,45,109,0,3435,1091,265,266,584,1008,2060,272,266,187,219,622,0,0,0,0,0,0,0,0,0,0,0,0,0,0,0,287,4553,0,196,432,0,262,247,253,142,72,203,0,0,0,0,0,0,0,94,0,53,0,0,Eukaryota;Chordata;Actinopteri;;Embiotocidae;Cymatogaster;Cymatogaster aggregata
826,291,335,728,112,418,1346,1829,1300,284,0,358,48,27,26,0,211,347,0,951,380,758,103,166,176,285,710,690,4223,1542,738,2276,5973,2573,1600,358,45,0,62,0,0,154,42,0,0,283,0,2470,0,0,0,0,56,0,0,0,550,556,455,0,431,607,3743,0,253,0,0,92,133,68,172,0,0,0,218,210,0,48,70,172,0,185,0,280,13,41,0,Eukaryota;Chordata;Actinopteri;Perciformes;Serranidae;Paralabrax;Paralabrax clathratus
794,1403,701,147,356,0,1647,0,954,199,0,459,0,3654,266,0,0,0,157,960,0,203,5,559,1241,251,123,669,2195,881,126,377,459,283,20488,649,3640,290,278,36,0,505,300,2338,130,883,391,5,0,0,0,0,0,0,66,0,0,156,0,78,0,1236,88,771,0,0,255,0,1075,396,1429,659,0,4497,321,613,0,0,97,0,0,24,0,0,0,2,15,Eukaryota;Chordata;Actinopteri;Pleuronectiformes;Paralichthyidae;Paralichthys;Paralichthys californicus
3001,882,0,667,700,33,1110,111,979,1437,136,0,0,0,0,0,0,0,0,28,0,5,0,53,187,0,35,55,148,0,0,0,107,39,123,1138,192,676,2723,20,0,3379,0,26,55,693,348,120,692,0,0,0,0,0,75,0,0,0,35,0,4500,0,0,2567,505,2740,59,226,0,932,1457,838,260,672,568,0,0,0,0,0,0,0,0,0,59,0,0,Eukaryota;Chordata;Actinopteri;Labriformes;Labridae;Bodianus;Bodianus pulcher
0,441,91,125,392,0,0,93,87,254,1094,0,0,0,0,0,0,0,0,27,0,648,0,0,0,699,5,3450,16,97,416,79,374,368,279,502,0,0,0,0,0,1681,0,0,0,0,0,0,1655,1803,0,0,0,0,266,0,0,0,0,0,2383,0,0,2385,17,0,0,0,1365,0,0,0,255,5884,0,17,453,29,1747,772,381,20,224,700,178,72,5055,Eukaryota;Chordata;Actinopteri;Centrarchiformes;Kyphosidae;Girella;Girella nigricans
0,0,0,0,0,0,0,0,0,0,0,0,0,0,0,0,0,0,0,0,0,0,0,0,0,0,0,0,0,0,0,0,0,0,0,0,0,0,0,0,0,0,0,0,0,0,0,0,0,0,0,0,0,0,0,0,0,0,0,0,0,0,0,0,0,0,0,0,0,0,0,0,0,0,0,0,0,0,0,0,0,0,0,0,0,0,0,Eukaryota;Chordata;Aves;Charadriiformes;Laridae;Larus;Larus occidentalis
1427,15,173,9,109,17,137,0,234,27,51,13,0,0,0,0,0,0,0,0,117,0,0,90,2340,203,201,99,365,56,23,1724,1152,243,128,0,67,144,0,82,147,889,45,0,0,64,195,13,0,0,0,0,144,0,122,13,8,259,0,778,157,0,364,127,122,102,1079,560,280,875,528,87,3068,1557,1003,50,0,0,0,0,102,13,0,0,246,0,0,Eukaryota;Chordata;Actinopteri;;Sciaenidae;Seriphus;Seriphus politus
0,641,1693,0,60,0,0,0,0,183,0,0,0,28,0,0,0,0,0,0,0,0,0,0,1062,0,24,73,58,58,193,13,0,166,0,504,0,0,0,0,0,0,0,0,0,0,0,0,0,0,0,0,0,0,0,0,0,0,0,0,0,0,0,0,0,52,96,433,60,0,0,102,4864,164,0,0,0,0,0,0,0,0,0,0,0,0,0,Eukaryota;Chordata;Actinopteri;Carangiformes;Carangidae;Seriola;Seriola dorsalis
0,0,6,0,0,0,0,0,0,3,0,0,0,0,0,0,0,0,0,0,0,0,0,0,0,0,0,0,0,0,0,2,0,0,0,0,0,0,0,0,0,0,0,0,0,0,0,0,0,0,0,0,0,0,0,0,0,0,0,0,0,0,0,9,0,0,0,0,0,0,0,0,0,0,0,0,0,0,0,0,0,0,0,0,0,0,0,Eukaryota;Chordata;Chondrichthyes;Lamniformes;Alopiidae;Alopias;Alopias vulpinus
0,0,0,0,0,0,0,0,0,0,0,0,0,0,0,0,0,0,0,0,0,0,0,0,0,0,0,0,0,0,0,0,0,0,0,0,0,0,0,0,0,0,0,0,0,0,0,0,0,0,0,0,0,0,0,0,0,0,0,0,0,0,0,0,0,0,0,0,0,0,0,0,0,0,0,0,0,0,0,0,0,0,0,0,0,0,0,Eukaryota;Chordata;Chondrichthyes;Rajiformes;Rajidae;Raja;Beringraja inornata
0,0,0,7,9,0,133,15,19,0,42,0,11,13,0,5,19,118,14,52,255,25,17,25,0,27,5,19,8,0,21,29,19,249,149,53,0,11,6,14,107,40,32,26,0,0,3,9,0,0,0,0,0,0,0,4,0,0,0,0,0,42,7,0,10,0,0,0,0,0,8,0,0,18,16,0,0,0,0,0,0,0,0,0,16,0,7,Eukaryota;Chordata;Chondrichthyes;Myliobatiformes;Myliobatidae;Myliobatis;Myliobatis californica
151,0,0,316,0,0,0,0,0,190,715,0,0,0,0,0,159,92,330,5479,391,0,0,2966,5490,904,688,72,594,327,1426,1629,410,121,0,0,249,151,26,135,2225,0,97,461,107,132,0,0,0,0,0,0,0,0,0,0,0,0,0,0,0,0,0,701,125,281,3072,0,33,200,0,35,628,1145,443,0,0,0,0,0,0,0,112,0,0,0,0,Eukaryota;Chordata;Actinopteri;;Embiotocidae;Phanerodon;
0,0,0,0,0,0,0,0,0,0,0,0,0,0,0,0,0,0,0,0,0,0,0,0,0,0,0,0,0,8,0,7,0,0,0,0,0,0,0,0,0,0,0,0,0,0,0,0,0,0,0,0,0,0,0,0,0,0,0,0,0,0,0,0,0,0,0,0,0,0,0,0,0,0,0,0,0,0,0,0,0,0,0,0,0,0,0,Eukaryota;Chordata;Chondrichthyes;Carcharhiniformes;Triakidae;Triakis;Triakis semifasciata
0,6,0,0,0,0,4,0,0,0,0,0,0,0,0,0,0,0,0,0,0,0,0,0,0,0,0,0,0,0,0,0,0,0,0,0,0,0,0,0,0,0,7,0,7,0,0,0,0,0,0,0,0,0,0,0,0,0,0,0,0,0,0,0,0,0,0,0,0,0,0,0,0,0,0,0,0,0,15,0,0,0,0,0,0,0,0,Eukaryota;Chordata;Mammalia;Artiodactyla;Delphinidae;Tursiops;Tursiops truncatus
100,0,0,0,0,0,0,0,0,0,0,91,0,0,0,0,0,0,0,0,767,0,0,0,840,1164,2096,7538,2523,2780,11802,1528,422,1008,185,631,0,0,0,108,0,108,292,140,0,183,812,1577,0,0,0,0,0,0,0,0,0,0,0,0,0,0,0,0,0,0,0,0,0,0,0,0,0,0,0,0,0,0,0,0,0,0,0,0,0,0,0,Eukaryota;Chordata;Actinopteri;Scombriformes;Scombridae;Thunnus;Thunnus alalunga
0,0,0,0,0,0,0,0,0,0,0,0,0,0,14,0,0,0,0,0,0,0,0,0,0,40,184,0,0,0,0,0,0,0,0,0,0,0,0,0,0,0,0,0,0,0,0,0,0,0,0,0,0,0,0,0,0,0,0,0,0,0,0,0,0,0,0,654,0,0,0,0,11,20,23,0,8,12,47,266,0,29,0,60,5,26,0,Eukaryota;Chordata;Actinopteri;;Sciaenidae;;
0,0,0,0,0,0,0,0,0,0,0,0,0,0,0,0,0,0,0,0,0,0,0,0,0,0,0,0,0,0,4,0,0,0,0,0,0,0,0,0,0,0,0,0,0,0,0,0,0,0,0,0,0,0,0,0,0,0,0,0,0,0,0,0,0,0,0,0,0,0,0,0,0,0,0,0,0,0,0,0,0,0,0,0,0,0,0,Eukaryota;Chordata;Chondrichthyes;Pristiformes/Rhiniformes group;Rhinobatidae;Pseudobatos;Pseudobatos productus
0,0,0,0,0,640,0,0,0,0,0,0,0,0,0,0,0,0,0,0,0,0,0,0,216,0,0,0,0,43,0,0,0,0,0,0,2734,62,223,204,111,0,0,70,224,0,0,73,0,0,0,0,0,0,0,0,0,0,0,0,0,0,0,300,0,0,0,0,0,0,0,0,0,0,0,0,0,0,0,0,17,0,0,0,0,0,0,Eukaryota;Chordata;Actinopteri;;Sphyraenidae;Sphyraena;Sphyraena argentea
0,0,0,47,0,0,0,0,0,0,0,0,0,0,0,0,0,0,0,0,0,0,250,0,13,0,0,0,0,0,0,0,0,0,0,0,0,0,0,0,0,0,0,0,0,0,0,0,0,0,0,0,0,0,0,0,0,0,0,0,0,0,0,0,0,0,0,0,0,0,0,0,0,0,109,0,0,0,0,0,0,0,0,0,0,0,0,Eukaryota;Chordata;Actinopteri;Perciformes;Cottidae;Clinocottus;Clinocottus analis
523,148,564,21,8,22,106,11,0,0,0,0,0,0,0,0,0,0,0,0,0,0,0,0,77,0,0,0,7,0,0,0,5,0,14,6,0,25,0,0,0,0,67,5,0,7,0,0,8,0,0,33,0,0,1287,106,57,170,134,816,0,0,0,218,16,0,0,0,0,0,0,54,0,15,0,180,0,0,36,0,0,0,0,0,0,0,0,Eukaryota;Chordata;Actinopteri;Aulopiformes;Synodontidae;Synodus;Synodus lucioceps
2007,579,383,2410,24,63,374,0,0,183,407,0,0,0,0,0,0,0,0,0,0,0,422,0,249,274,0,54,0,0,14,980,0,0,0,0,0,0,49,7,0,0,0,0,0,30,0,59,234,0,221,0,0,0,914,443,0,0,0,0,630,884,32,0,0,75,0,172,988,15,29,0,1380,575,52,0,0,0,0,0,0,0,0,0,0,0,0,Eukaryota;Chordata;Actinopteri;Pleuronectiformes;Paralichthyidae;Citharichthys;Citharichthys stigmaeus
277,755,0,553,0,562,14795,607,797,1796,4588,438,0,0,0,0,0,0,0,1170,549,170,318,0,0,224,0,0,223,71,168,472,617,6841,4018,1480,0,39,0,0,58,0,315,56,0,0,0,0,0,0,0,0,0,0,0,0,0,0,0,0,0,0,0,0,0,0,0,0,0,0,0,0,0,0,0,0,0,0,0,0,0,0,0,0,0,0,0,Eukaryota;Chordata;Actinopteri;Scombriformes;Scombridae;Katsuwonus;Katsuwonus pelamis
0,0,61,0,0,0,0,0,0,0,0,0,0,0,0,0,0,0,0,0,0,0,0,0,0,0,0,0,0,0,0,0,0,0,0,0,0,0,0,0,0,0,0,0,0,0,0,0,0,0,0,0,0,0,0,0,0,0,0,0,0,0,0,0,0,0,0,0,0,0,0,0,0,0,0,0,0,0,0,0,0,0,0,0,0,0,0,Eukaryota;Chordata;Actinopteri;Perciformes;Cottidae;Chitonotus;Chitonotus pugetensis
0,0,0,0,0,0,0,0,0,0,0,0,0,0,0,0,0,0,0,0,0,0,0,0,0,0,0,6,0,0,0,0,0,0,0,0,0,0,0,0,0,0,0,0,0,0,0,0,0,0,0,0,0,0,0,0,0,0,0,0,0,0,0,0,0,0,0,0,0,0,0,0,0,0,0,0,0,0,0,0,0,0,0,0,0,0,0,Eukaryota;Chordata;Chondrichthyes;;Platyrhinidae;Platyrhinoidis;Platyrhinoidis triseriata
0,0,0,0,0,0,10,0,0,0,0,0,0,0,0,0,0,0,0,0,0,0,0,0,0,0,0,0,0,25,0,0,4,0,0,3,0,0,0,0,0,0,0,0,0,0,0,0,0,0,0,0,0,0,0,0,0,0,0,0,0,0,0,0,0,0,0,0,0,0,0,0,0,0,0,0,0,0,0,0,0,0,0,0,0,0,0,Eukaryota;Chordata;Actinopteri;Carangiformes;Coryphaenidae;Coryphaena;Coryphaena hippurus
75,0,0,0,0,259,0,210,0,49,890,0,23,0,0,0,0,171,0,0,109,0,1280,0,165,141,0,283,944,0,66,232,85,217,358,120,0,0,0,0,0,0,625,0,0,0,0,55,143,358,0,240,0,0,0,0,0,5809,0,0,0,186,0,0,0,0,0,0,28,0,0,0,89,0,2460,6,0,279,117,71,0,114,61,1110,6,14,0,Eukaryota;Chordata;Actinopteri;Blenniiformes;Blenniidae;Hypsoblennius;Hypsoblennius jenkinsi
92,69,4,7,549,165,43,28,82,89,105,15,3,0,0,0,0,0,0,0,38,0,0,0,18,0,0,0,10,0,0,10,0,0,135,44,0,13,0,0,0,0,0,0,0,13,6,14,0,0,0,0,0,0,76,0,0,0,10,0,0,0,0,0,0,0,131,0,0,0,0,0,9,0,0,0,0,0,0,0,0,0,0,0,0,0,0,Eukaryota;Chordata;Actinopteri;;Pomacentridae;Chromis;Chromis punctipinnis
0,0,0,0,0,0,0,0,0,0,0,0,0,0,0,0,0,0,0,0,0,0,0,0,0,0,0,0,0,0,0,0,0,0,0,0,0,0,0,0,0,0,0,0,0,0,0,0,0,0,0,0,0,0,0,0,0,0,0,0,0,0,0,0,0,0,0,0,0,0,0,0,0,0,0,0,0,0,0,0,0,0,0,0,0,0,0,Eukaryota;Chordata;Chondrichthyes;Carcharhiniformes;Scyliorhinidae;Cephaloscyllium;Cephaloscyllium ventriosum
0,1984,0,1917,0,0,619,489,3545,346,136,0,17957,23378,10862,5851,11655,27178,39189,49671,26190,36106,23444,29304,163,2488,124,120,85,200,2401,480,0,343,2070,228,1137,8077,613,2647,2222,5639,1703,605,694,6200,3634,2974,0,0,0,0,0,0,708,0,0,0,0,0,0,0,0,26256,14044,3450,940,2645,8430,3156,7012,6361,32787,11427,10100,595,58,163,300,708,3997,379,1398,1004,1241,689,328,Eukaryota;Chordata;Actinopteri;Perciformes;Serranidae;Paralabrax;Paralabrax maculatofasciatus
0,0,0,0,0,0,0,0,0,0,0,0,0,0,0,0,0,0,0,0,0,0,0,0,0,149,0,0,20,116,279,0,0,0,0,0,0,0,0,0,0,0,0,0,0,0,0,0,0,0,0,0,0,0,0,0,0,0,0,0,0,0,0,0,0,0,0,0,0,0,0,0,0,0,0,0,0,20,0,0,0,0,0,0,0,0,0,Eukaryota;Chordata;Actinopteri;Albuliformes;Albulidae;Albula;Albula pacificus
0,16,0,50,17,153,0,304,0,0,0,0,0,0,0,7,0,0,0,48,54,722,2369,0,2431,364,43,31,0,100,86,210,0,2328,37,407,0,19,0,0,0,0,0,0,87,77,45,151,0,2361,0,0,0,0,134,0,0,0,0,0,3316,0,0,0,0,0,0,396,37,242,337,0,141,6,0,0,43,26,0,0,0,0,143,0,23,52,0,Eukaryota;Chordata;Actinopteri;Blenniiformes;Blenniidae;Hypsoblennius;Hypsoblennius gentilis
0,18,0,0,0,0,0,0,0,0,0,0,0,0,155,0,0,0,22,74,0,175,13,45,0,31,27,69,144,88,78,18,109,120,747,99,0,0,0,0,0,0,0,0,0,0,0,0,0,0,0,0,0,0,0,0,0,0,0,0,0,0,0,0,8,0,0,11,0,0,0,0,0,0,194,0,0,0,22,19,1141,0,0,0,0,0,0,Eukaryota;Chordata;Actinopteri;;Sciaenidae;Umbrina;Umbrina roncador
0,1562,185,0,0,118,0,0,0,251,1971,55,0,0,0,0,0,0,0,0,782,0,0,0,0,269,0,0,153,0,0,0,0,2798,0,143,0,0,0,0,0,63,87,0,0,0,732,2481,0,0,0,0,0,0,0,0,0,243,0,0,0,1944,0,0,0,0,0,57,0,0,0,0,260,0,0,0,0,0,0,0,0,0,0,0,0,0,0,Eukaryota;Chordata;Actinopteri;Labriformes;Labridae;Halichoeres;Halichoeres californica
13,276,0,3,0,0,318,0,0,0,0,0,0,0,0,0,0,0,96,0,0,0,0,496,0,0,0,970,0,0,0,0,224,27,65,0,33,308,0,0,0,0,0,0,0,39,41,20,0,0,0,0,0,0,0,0,136,12,0,0,0,0,189,0,13,659,150,326,66,255,0,98,0,0,0,0,0,144,0,84,0,0,0,0,0,0,0,Eukaryota;Chordata;Actinopteri;Pleuronectiformes;Paralichthyidae;Xystreurys;Xystreurys liolepis
0,0,0,0,0,0,0,0,0,0,0,0,0,0,0,0,0,0,0,0,0,0,0,0,27,0,0,0,0,0,0,0,0,0,0,0,0,0,0,0,0,0,0,0,0,0,0,0,0,0,0,0,0,0,0,0,0,0,0,15,0,0,0,0,0,0,0,0,0,0,0,0,0,0,0,0,0,0,0,0,0,0,0,0,0,0,0,Eukaryota;Chordata;Actinopteri;Mugiliformes;Mugilidae;Mugil;Mugil cephalus
0,0,0,0,0,0,0,0,0,0,0,0,0,0,0,0,0,0,0,0,0,0,460,0,0,0,0,0,0,0,57,0,0,0,0,0,135,6,0,11,20,1513,0,0,74,9,88,43,0,0,0,0,0,0,0,0,0,0,0,0,0,0,0,2214,412,53,1654,816,0,587,1154,325,0,0,0,0,0,0,0,0,0,0,0,0,0,0,0,Eukaryota;Chordata;Actinopteri;Gobiiformes;Gobiidae;Lepidogobius;Lepidogobius lepidus
66,0,0,0,0,0,0,0,0,0,0,0,0,124,0,20,0,0,0,284,0,0,0,7,0,0,61,0,0,0,0,111,0,20,0,0,0,133,355,39,0,0,79,0,0,0,5,38,0,0,0,0,0,0,0,0,0,0,0,0,0,0,0,0,0,9,0,0,0,0,357,0,2304,0,0,0,0,0,0,0,54,0,0,0,41,0,0,Eukaryota;Chordata;Actinopteri;Pleuronectiformes;Pleuronectidae;Pleuronichthys;Pleuronichthys guttulatus
12209,17585,7674,1950,9388,22705,3605,2054,1132,8548,2435,3097,3265,886,843,1171,640,6774,16360,8224,20647,7302,3775,9662,1046,2457,1694,2720,1147,1253,785,2956,4318,1795,18787,4110,3309,7666,5768,4338,7554,9243,11291,2765,2868,13341,12327,22108,1950,262,19,1412,1365,10,11825,9287,4555,8862,2698,6901,10878,1988,520,21159,15249,9481,4574,28657,14233,20525,19452,11962,15417,18303,22539,717,6635,153,1280,681,1875,687,119,9805,1402,376,273,Eukaryota;Chordata;Actinopteri;Perciformes;Serranidae;Paralabrax;Paralabrax nebulifer
42,20,198,127,47,132,4328,0,0,0,363,88,0,0,0,0,0,0,235,0,0,0,0,0,0,0,0,0,0,0,0,53,31,0,0,0,0,0,0,4725,0,25,0,0,0,74,0,56,0,0,0,0,0,0,0,0,0,0,0,0,0,0,0,0,34,0,0,0,0,49,0,0,0,5373,0,0,0,0,0,0,0,0,0,0,0,0,0,Eukaryota;Chordata;Actinopteri;Perciformes;Sebastidae;Sebastes;
0,0,146,0,0,0,0,0,0,0,0,0,0,47,397,54,0,0,0,0,0,0,0,0,0,0,96,0,0,114,0,0,0,209,3271,1115,0,329,0,0,0,0,181,0,112,47,158,31,0,222,0,0,0,0,1188,0,0,0,0,0,0,0,0,0,0,103,0,30,0,243,39,0,258,0,245,0,0,0,0,0,0,0,0,0,0,0,0,Eukaryota;Chordata;Actinopteri;;Embiotocidae;Phanerodon;Phanerodon vacca
0,0,0,0,0,0,0,0,0,0,0,0,0,0,0,0,0,0,0,0,0,0,0,0,0,0,0,0,0,0,0,5,0,0,0,0,0,0,0,0,0,0,0,0,0,0,0,0,0,0,0,0,0,0,0,0,0,0,0,0,0,0,0,0,0,0,0,0,0,0,0,0,0,0,0,0,0,0,0,0,0,0,0,0,0,0,0,Eukaryota;Chordata;Aves;Columbiformes;Columbidae;Columba;Columba livia
0,0,0,0,0,0,0,0,0,0,0,0,0,0,0,0,0,0,0,0,0,0,0,0,0,7,0,0,0,0,0,0,0,0,0,0,0,0,0,0,0,0,0,0,0,0,0,0,0,0,0,0,0,0,0,0,0,0,0,0,0,0,0,0,0,0,0,0,0,0,0,0,0,0,0,0,0,0,0,0,0,0,0,0,0,0,0,Eukaryota;Chordata;Aves;Charadriiformes;Laridae;Larus;
0,0,0,0,0,0,0,0,0,0,0,0,0,0,0,0,0,0,0,0,0,0,0,0,0,0,0,0,0,0,0,0,0,0,0,0,0,0,0,0,0,0,0,0,0,0,0,0,0,0,0,0,0,0,0,0,0,0,0,0,0,0,0,0,0,0,0,0,0,92,0,0,0,0,0,0,0,0,0,0,0,0,0,0,0,0,0,Eukaryota;Chordata;Chondrichthyes;;Squatinidae;Squatina;Squatina californica
33,0,0,0,0,0,0,0,0,0,0,0,0,0,0,0,0,0,0,0,111,0,0,0,0,0,0,0,0,0,0,0,81,0,0,0,0,0,0,0,0,0,473,0,0,0,0,0,0,0,0,0,0,0,0,0,0,0,0,0,0,0,0,0,0,0,0,0,0,0,0,0,0,0,0,0,0,0,0,0,0,0,0,0,0,0,0,Eukaryota;Chordata;Actinopteri;Scombriformes;Scombridae;;
0,0,0,66,0,0,502,0,0,49,222,0,0,0,0,0,0,0,0,0,0,0,0,0,0,0,0,0,0,0,0,0,0,79,0,0,0,0,0,0,0,0,0,0,0,0,0,0,0,0,0,0,0,0,2129,0,0,0,0,0,0,0,0,0,0,0,0,0,0,0,0,0,0,0,0,161,0,57,0,0,472,0,0,0,39,24,0,Eukaryota;Chordata;Actinopteri;Centrarchiformes;Kyphosidae;Kyphosus;Kyphosus azureus
0,0,0,0,0,0,0,4210,0,0,0,0,0,0,0,0,0,0,0,0,0,0,0,0,0,0,0,166,0,0,0,0,0,0,0,0,0,0,0,0,0,0,0,0,0,0,0,0,0,0,0,0,0,0,0,0,0,0,0,0,0,0,0,0,0,0,0,0,0,0,0,0,0,0,0,0,0,0,0,0,0,0,0,0,20,41,0,Eukaryota;Chordata;Actinopteri;;Pomacentridae;Hypsypops;Hypsypops rubicundus
710,186,0,0,0,0,0,0,0,0,0,0,0,0,0,0,45,0,0,0,0,0,561,0,0,0,0,0,0,0,0,0,0,0,0,0,0,0,0,0,8269,0,0,2,0,0,4,0,0,0,0,0,0,0,0,0,0,0,0,0,0,0,0,0,0,0,0,0,464,0,0,0,0,0,0,0,0,0,0,0,2645,2505,0,0,117,0,0,Eukaryota;Chordata;Actinopteri;Blenniiformes;Gobiesocidae;Gobiesox;Gobiesox rhessodon
0,43,0,0,0,0,0,0,0,0,0,0,0,0,0,0,0,0,0,0,0,0,0,0,0,0,0,0,0,0,0,0,0,0,0,0,0,0,0,0,0,0,0,0,0,0,0,0,0,0,0,0,0,0,0,0,0,0,0,0,0,0,0,0,0,0,0,0,0,0,0,0,0,0,0,0,0,0,0,0,0,0,0,0,0,0,0,Eukaryota;Chordata;Actinopteri;Perciformes;Cottidae;Scorpaenichthys;Scorpaenichthys marmoratus
243,8418,2306,499,2357,5294,8487,5094,1378,2109,3465,10960,12468,8214,4713,1925,4857,17180,3605,2716,4456,5809,801,2153,61600,75829,23604,29058,28060,28932,33941,33451,15228,24314,25469,33387,83,2549,2940,176,5396,3640,791,2725,885,1998,2779,7730,697,14545,570,487,907,3,0,6519,753,3778,0,8,0,131,107,7956,4101,1842,589,794,349,8560,3907,450,1665,998,303,8511,4734,6174,2320,2039,3111,3733,1714,3536,2890,2084,3131,Eukaryota;Chordata;Actinopteri;Atheriniformes;Atherinopsidae;Atherinops;Atherinops affinis
5574,8255,1644,12411,627,488,9964,1856,443,1079,573,1450,37,0,0,16,0,43,3599,276,1092,127,85,151,404,453,39,198,89,110,6,447,3757,769,1074,779,4389,1325,2461,190,486,1849,321,767,757,5554,1196,1018,647,601,1276,168,1218,0,6171,561,155,0,121,0,1488,0,130,981,340,1854,724,1962,1208,5473,19928,540,673,2061,1519,139,440,0,174,28,368,68,968,829,49,14,3628,Eukaryota;Chordata;Actinopteri;Labriformes;Labridae;Halichoeres;Halichoeres semicinctus
0,12,0,0,0,0,0,0,0,27,0,0,0,0,0,0,0,0,0,0,0,0,0,0,0,0,0,0,0,0,0,0,0,99,0,0,0,0,0,0,0,0,0,0,0,0,0,0,0,0,0,0,0,0,0,0,0,0,0,0,0,31,0,0,0,0,0,0,0,0,0,0,261,0,0,0,0,0,0,0,0,0,0,0,0,0,0,Eukaryota;Chordata;Actinopteri;Pleuronectiformes;Pleuronectidae;Pleuronichthys;Pleuronichthys verticalis
0,0,0,0,0,0,0,0,0,0,0,0,75,0,0,0,0,0,0,62,0,0,0,0,0,0,0,0,0,0,0,0,0,0,0,0,0,0,26,0,0,0,0,0,0,0,0,0,0,0,0,0,0,0,0,0,0,0,0,0,0,0,0,0,0,0,0,0,0,0,0,0,0,0,0,0,0,0,32,0,145,0,0,0,0,0,0,Eukaryota;Chordata;Actinopteri;Gobiiformes;Gobiidae;Acanthogobius;Acanthogobius flavimanus
0,0,0,0,0,0,0,0,888,0,0,0,0,0,0,15,0,0,519,0,0,0,0,0,11,242,0,0,232,0,0,0,0,37,99,0,247,0,6,6,0,51,0,316,227,487,69,518,0,0,0,0,0,0,0,0,0,0,0,0,0,0,0,248,0,146,0,0,0,0,0,0,0,0,164,0,0,240,1580,461,26,2940,0,69,60,3380,1511,Eukaryota;Chordata;Actinopteri;Blenniiformes;Labrisomidae;Paraclinus;Paraclinus integripinnis
0,0,0,0,0,0,0,0,44,0,0,0,0,339,4,104,50,154,0,1889,0,544,1387,747,0,0,52,56,124,37,8,128,166,0,0,0,0,296,0,0,0,13,30,0,0,23,51,0,0,0,0,0,0,0,0,0,0,0,0,0,0,0,0,0,0,0,0,0,0,0,0,0,0,0,0,0,0,0,0,0,0,103,0,0,0,0,0,Eukaryota;Chordata;Actinopteri;Gobiiformes;Gobiidae;Clevelandia;Clevelandia ios
440,0,0,0,0,0,0,0,3,0,0,0,0,372,0,0,0,0,0,0,105,0,715,0,0,0,0,0,0,0,0,0,0,123,389,0,0,0,95,266,4000,8,0,0,0,46,0,373,0,0,0,99,0,0,0,0,0,0,0,0,0,0,0,0,325,0,0,0,0,0,90,0,0,0,0,0,0,0,0,0,0,0,0,0,0,0,0,Eukaryota;Chordata;Actinopteri;Clupeiformes;Dussumieriidae;Etrumeus;Etrumeus teres
0,0,11,0,0,0,0,0,3,0,0,0,0,0,0,0,0,0,0,3,0,0,0,0,16,0,0,3,0,0,0,3,0,0,0,0,0,0,0,0,0,0,0,0,0,0,0,0,0,0,0,0,0,0,0,0,0,0,0,0,0,0,0,22,0,9,0,0,0,0,7,0,0,0,0,0,0,0,8,0,21,0,4,19,18,0,4,Eukaryota;Chordata;Chondrichthyes;Myliobatiformes;Urolophidae;Urobatis;Urobatis halleri
0,0,0,0,0,0,0,0,0,0,0,0,0,0,0,0,0,0,0,0,0,0,0,0,0,0,0,0,0,0,0,0,0,0,0,0,0,0,0,0,0,0,0,0,0,0,0,0,0,0,0,0,0,0,0,0,0,0,0,0,0,0,0,0,0,0,0,0,0,0,0,0,0,0,0,0,0,0,0,0,0,0,0,0,0,0,0,Eukaryota;Chordata;Chondrichthyes;Myliobatiformes;Gymnuridae;Gymnura;Gymnura marmorata
144,0,0,45,0,0,0,2072,0,0,0,0,0,0,0,0,0,0,0,0,0,0,0,0,0,0,0,0,0,0,0,0,0,0,0,0,0,0,0,0,0,0,0,0,0,0,0,0,0,0,0,0,0,0,0,0,0,0,0,0,0,0,0,0,0,0,0,0,0,0,0,0,0,0,0,0,0,0,0,0,0,0,0,0,0,0,0,Eukaryota;Chordata;Actinopteri;Pleuronectiformes;Paralichthyidae;Citharichthys;Citharichthys xanthostigma
156,3040,218,240,12,900,0,868,0,129,570,0,0,0,0,0,0,0,0,0,0,0,0,107,37,0,12,982,267,0,0,1428,43,82,7391,0,0,0,0,0,0,0,0,0,0,0,0,0,51,0,0,0,0,0,0,0,0,0,0,0,0,0,0,0,0,0,0,0,20,0,101,50,71,0,209,0,0,5,0,0,0,0,0,0,0,0,0,Eukaryota;Chordata;Actinopteri;Perciformes;Scorpaenidae;Scorpaena;Scorpaena guttata
0,0,0,0,0,0,0,0,0,0,0,0,0,0,0,0,0,0,0,0,0,0,0,0,0,0,0,0,0,0,0,0,0,0,0,0,0,0,0,0,0,0,0,0,0,0,0,0,0,0,0,0,0,0,0,0,0,0,0,0,0,0,0,0,0,0,0,0,0,0,0,0,0,0,0,0,0,0,0,0,0,0,0,0,0,0,0,Eukaryota;Chordata;Chondrichthyes;Lamniformes;Alopiidae;Carcharodon;Carcharodon carcharias
